<?xml version="1.0" encoding="UTF-8"?>
<!DOCTYPE plist PUBLIC "-//Apple//DTD PLIST 1.0//EN" "http://www.apple.com/DTDs/PropertyList-1.0.dtd">
<plist version="1.0">
<dict>
	<key>author</key>
	<string></string>
	<key>comments</key>
	<string></string>
	<key>isUsingConstrainedLayout</key>
	<true/>
	<key>keywords</key>
	<string></string>
	<key>mindMap</key>
	<dict>
		<key>associations</key>
		<array/>
		<key>color</key>
		<string>{0.956, 0.966, 0.956, 1.000}</string>
		<key>mainNodes</key>
		<array>
			<dict>
				<key>contentAlignment</key>
				<integer>1</integer>
				<key>fillColor</key>
				<string>{1.000, 1.000, 1.000, 1.000}</string>
				<key>isDecreasingBranchThickness</key>
				<true/>
				<key>isDrawingFill</key>
				<true/>
				<key>isLeftAligned</key>
				<false/>
				<key>location</key>
				<string>{1.7421875, 0.2578125}</string>
				<key>nodeID</key>
				<string>900BADC6-5CFE-4774-A473-66F0005549EB</string>
				<key>strokeColor</key>
				<string>{0.965, 0.965, 0.965, 1.000}</string>
				<key>strokeStyle</key>
				<integer>0</integer>
				<key>strokeWidth</key>
				<real>2</real>
				<key>subnodes</key>
				<array>
					<dict>
						<key>contentAlignment</key>
						<integer>1</integer>
						<key>fillColor</key>
						<string>{1.000, 1.000, 1.000, 1.000}</string>
						<key>isDecreasingBranchThickness</key>
						<true/>
						<key>isDrawingFill</key>
						<false/>
						<key>isLeftAligned</key>
						<true/>
						<key>location</key>
						<string>{-221.2578125, -71.2421875}</string>
						<key>nodeID</key>
						<string>45B003B5-F542-4916-8CA0-E8B8ED674EC1</string>
						<key>strokeColor</key>
						<string>{0.822, 0.084, 0.348, 1.000}</string>
						<key>strokeStyle</key>
						<integer>0</integer>
						<key>strokeWidth</key>
						<real>6</real>
						<key>subnodes</key>
						<array/>
						<key>title</key>
						<dict>
							<key>constrainedWidth</key>
							<integer>300</integer>
							<key>htmlText</key>
							<string>&lt;p style='color: rgba(0, 0, 0, 1.000000); font: 18px "Helvetica Neue"; -cocoa-font-postscriptname: "HelveticaNeue"; '&gt;Can linear models &lt;/p&gt;&lt;p style='color: rgba(0, 0, 0, 1.000000); font: 18px "Helvetica Neue"; -cocoa-font-postscriptname: "HelveticaNeue"; '&gt;be used to make&lt;/p&gt;&lt;p style='color: rgba(0, 0, 0, 1.000000); font: 18px "Helvetica Neue"; -cocoa-font-postscriptname: "HelveticaNeue"; '&gt;predictions?&lt;/p&gt;</string>
							<key>shrinkToFitContent</key>
							<integer>1</integer>
							<key>text</key>
							<string>{\rtf1\ansi\ansicpg1252\cocoartf1344\cocoasubrtf720
{\fonttbl\f0\fnil\fcharset0 HelveticaNeue;}
{\colortbl;\red255\green255\blue255;\red0\green0\blue0;}
\pard\tx560\tx1120\tx1680\tx2240\tx2800\tx3360\tx3920\tx4480\tx5040\tx5600\tx6160\tx6720\pardirnatural

\f0\fs36 \cf2 Can linear models \
be used to make\
predictions?}</string>
						</dict>
					</dict>
					<dict>
						<key>contentAlignment</key>
						<integer>1</integer>
						<key>fillColor</key>
						<string>{1.000, 1.000, 1.000, 1.000}</string>
						<key>isDecreasingBranchThickness</key>
						<true/>
						<key>isDrawingFill</key>
						<false/>
						<key>isLeftAligned</key>
						<false/>
						<key>location</key>
						<string>{197.7421875, -71.2421875}</string>
						<key>nodeID</key>
						<string>DC2E1B20-2A0F-406C-897D-872907F62C51</string>
						<key>strokeColor</key>
						<string>{0.689, 0.215, 0.952, 1.000}</string>
						<key>strokeStyle</key>
						<integer>0</integer>
						<key>strokeWidth</key>
						<real>6</real>
						<key>subnodes</key>
						<array/>
						<key>title</key>
						<dict>
							<key>constrainedWidth</key>
							<integer>300</integer>
							<key>htmlText</key>
							<string>&lt;p style='color: rgba(0, 0, 0, 1.000000); font: 18px "Helvetica Neue"; -cocoa-font-postscriptname: "HelveticaNeue"; '&gt;Philosophy of &lt;/p&gt;&lt;p style='color: rgba(0, 0, 0, 1.000000); font: 18px "Helvetica Neue"; -cocoa-font-postscriptname: "HelveticaNeue"; '&gt;good quality&lt;/p&gt;&lt;p style='color: rgba(0, 0, 0, 1.000000); font: 18px "Helvetica Neue"; -cocoa-font-postscriptname: "HelveticaNeue"; '&gt;production&lt;/p&gt;</string>
							<key>shrinkToFitContent</key>
							<integer>1</integer>
							<key>text</key>
							<string>{\rtf1\ansi\ansicpg1252\cocoartf1344\cocoasubrtf720
{\fonttbl\f0\fnil\fcharset0 HelveticaNeue;}
{\colortbl;\red255\green255\blue255;\red0\green0\blue0;}
\pard\tx560\tx1120\tx1680\tx2240\tx2800\tx3360\tx3920\tx4480\tx5040\tx5600\tx6160\tx6720\pardirnatural

\f0\fs36 \cf2 Philosophy of \
good quality\
production}</string>
						</dict>
					</dict>
					<dict>
						<key>contentAlignment</key>
						<integer>1</integer>
						<key>fillColor</key>
						<string>{1.000, 1.000, 1.000, 1.000}</string>
						<key>isDecreasingBranchThickness</key>
						<true/>
						<key>isDrawingFill</key>
						<false/>
						<key>isLeftAligned</key>
						<true/>
						<key>location</key>
						<string>{-231.2578125, 10.7578125}</string>
						<key>nodeID</key>
						<string>E604F426-55B7-4F69-A309-5085BF954741</string>
						<key>strokeColor</key>
						<string>{0.136, 0.807, 0.880, 1.000}</string>
						<key>strokeStyle</key>
						<integer>0</integer>
						<key>strokeWidth</key>
						<real>6</real>
						<key>subnodes</key>
						<array/>
						<key>title</key>
						<dict>
							<key>constrainedWidth</key>
							<integer>300</integer>
							<key>htmlText</key>
							<string>&lt;p style='color: rgba(0, 0, 0, 1.000000); font: 18px "Helvetica Neue"; -cocoa-font-postscriptname: "HelveticaNeue"; '&gt;How reproducible is&lt;/p&gt;&lt;p style='color: rgba(0, 0, 0, 1.000000); font: 18px "Helvetica Neue"; -cocoa-font-postscriptname: "HelveticaNeue"; '&gt;the measurement?&lt;/p&gt;</string>
							<key>shrinkToFitContent</key>
							<integer>1</integer>
							<key>text</key>
							<string>{\rtf1\ansi\ansicpg1252\cocoartf1344\cocoasubrtf720
{\fonttbl\f0\fnil\fcharset0 HelveticaNeue;}
{\colortbl;\red255\green255\blue255;\red0\green0\blue0;}
\pard\tx560\tx1120\tx1680\tx2240\tx2800\tx3360\tx3920\tx4480\tx5040\tx5600\tx6160\tx6720\pardirnatural

\f0\fs36 \cf2 How reproducible is\
the measurement?}</string>
						</dict>
					</dict>
					<dict>
						<key>contentAlignment</key>
						<integer>1</integer>
						<key>fillColor</key>
						<string>{1.000, 1.000, 1.000, 1.000}</string>
						<key>isDecreasingBranchThickness</key>
						<true/>
						<key>isDrawingFill</key>
						<false/>
						<key>isLeftAligned</key>
						<false/>
						<key>location</key>
						<string>{197.7421875, 10.7578125}</string>
						<key>nodeID</key>
						<string>49CBDAA1-F18C-417E-B302-3B508B1C01C3</string>
						<key>strokeColor</key>
						<string>{0.144, 0.670, 1.000, 1.000}</string>
						<key>strokeStyle</key>
						<integer>0</integer>
						<key>strokeWidth</key>
						<real>6</real>
						<key>subnodes</key>
						<array/>
						<key>title</key>
						<dict>
							<key>constrainedWidth</key>
							<integer>300</integer>
							<key>htmlText</key>
							<string>&lt;p style='color: rgba(0, 0, 0, 1.000000); font: 18px "Helvetica Neue"; -cocoa-font-postscriptname: "HelveticaNeue"; '&gt;How do you &lt;/p&gt;&lt;p style='color: rgba(0, 0, 0, 1.000000); font: 18px "Helvetica Neue"; -cocoa-font-postscriptname: "HelveticaNeue"; '&gt;measure that quality?&lt;/p&gt;</string>
							<key>shrinkToFitContent</key>
							<integer>1</integer>
							<key>text</key>
							<string>{\rtf1\ansi\ansicpg1252\cocoartf1344\cocoasubrtf720
{\fonttbl\f0\fnil\fcharset0 HelveticaNeue;}
{\colortbl;\red255\green255\blue255;\red0\green0\blue0;}
\pard\tx560\tx1120\tx1680\tx2240\tx2800\tx3360\tx3920\tx4480\tx5040\tx5600\tx6160\tx6720\pardirnatural

\f0\fs36 \cf2 How do you \
measure that quality?}</string>
						</dict>
					</dict>
					<dict>
						<key>contentAlignment</key>
						<integer>1</integer>
						<key>fillColor</key>
						<string>{1.000, 1.000, 1.000, 1.000}</string>
						<key>isDecreasingBranchThickness</key>
						<true/>
						<key>isDrawingFill</key>
						<false/>
						<key>isLeftAligned</key>
						<true/>
						<key>location</key>
						<string>{-240.2578125, 70.7578125}</string>
						<key>nodeID</key>
						<string>7DEDACB7-26E9-4CCC-BA51-A7B545ADA9B4</string>
						<key>strokeColor</key>
						<string>{1.000, 0.742, 0.041, 1.000}</string>
						<key>strokeStyle</key>
						<integer>0</integer>
						<key>strokeWidth</key>
						<real>6</real>
						<key>subnodes</key>
						<array/>
						<key>title</key>
						<dict>
							<key>constrainedWidth</key>
							<integer>300</integer>
							<key>htmlText</key>
							<string>&lt;p style='color: rgba(0, 0, 0, 1.000000); font: 18px "Helvetica Neue"; -cocoa-font-postscriptname: "HelveticaNeue"; '&gt;What is the error&lt;/p&gt;&lt;p style='color: rgba(0, 0, 0, 1.000000); font: 18px "Helvetica Neue"; -cocoa-font-postscriptname: "HelveticaNeue"; '&gt;in the measurement?&lt;/p&gt;</string>
							<key>shrinkToFitContent</key>
							<integer>1</integer>
							<key>text</key>
							<string>{\rtf1\ansi\ansicpg1252\cocoartf1344\cocoasubrtf720
{\fonttbl\f0\fnil\fcharset0 HelveticaNeue;}
{\colortbl;\red255\green255\blue255;\red0\green0\blue0;}
\pard\tx560\tx1120\tx1680\tx2240\tx2800\tx3360\tx3920\tx4480\tx5040\tx5600\tx6160\tx6720\pardirnatural

\f0\fs36 \cf2 What is the error\
in the measurement?}</string>
						</dict>
					</dict>
					<dict>
						<key>contentAlignment</key>
						<integer>1</integer>
						<key>fillColor</key>
						<string>{1.000, 1.000, 1.000, 1.000}</string>
						<key>isDecreasingBranchThickness</key>
						<true/>
						<key>isDrawingFill</key>
						<false/>
						<key>isLeftAligned</key>
						<false/>
						<key>location</key>
						<string>{197.7421875, 70.7578125}</string>
						<key>nodeID</key>
						<string>A43DFFCB-18F7-4328-BAA7-9B5501B2CBAE</string>
						<key>strokeColor</key>
						<string>{0.194, 0.734, 0.282, 1.000}</string>
						<key>strokeStyle</key>
						<integer>0</integer>
						<key>strokeWidth</key>
						<real>6</real>
						<key>subnodes</key>
						<array/>
						<key>title</key>
						<dict>
							<key>constrainedWidth</key>
							<integer>300</integer>
							<key>htmlText</key>
							<string>&lt;p style='color: rgba(0, 0, 0, 1.000000); font: 18px "Helvetica Neue"; -cocoa-font-postscriptname: "HelveticaNeue"; '&gt;Design of experiments plays a major role in 6 Sigma&lt;/p&gt;</string>
							<key>shrinkToFitContent</key>
							<integer>1</integer>
							<key>text</key>
							<string>{\rtf1\ansi\ansicpg1252\cocoartf1344\cocoasubrtf720
{\fonttbl\f0\fnil\fcharset0 HelveticaNeue;}
{\colortbl;\red255\green255\blue255;\red0\green0\blue0;}
\pard\tx560\tx1120\tx1680\tx2240\tx2800\tx3360\tx3920\tx4480\tx5040\tx5600\tx6160\tx6720\pardirnatural

\f0\fs36 \cf2 Design of experiments plays a major role in 6 Sigma}</string>
						</dict>
					</dict>
				</array>
				<key>title</key>
				<dict>
					<key>constrainedWidth</key>
					<integer>300</integer>
					<key>htmlText</key>
					<string>&lt;p style='color: rgba(21, 122, 150, 1.000000); font: 21px "Helvetica Neue"; text-align: left; -cocoa-font-postscriptname: "HelveticaNeue-Light"; '&gt;“Six Sigma”&lt;/p&gt;</string>
					<key>shrinkToFitContent</key>
					<integer>1</integer>
					<key>text</key>
					<string>{\rtf1\ansi\ansicpg1252\cocoartf1344\cocoasubrtf720
{\fonttbl\f0\fnil\fcharset0 HelveticaNeue-Light;}
{\colortbl;\red255\green255\blue255;\red22\green123\blue151;}
\pard\tx560\tx1120\tx1680\tx2240\tx2800\tx3360\tx3920\tx4480\tx5040\tx5600\tx6160\tx6720\pardirnatural

\f0\fs42 \cf2 \'93Six Sigma\'94}</string>
				</dict>
			</dict>
		</array>
	</dict>
	<key>printInfo</key>
	<data>
	BAtzdHJlYW10eXBlZIHoA4QBQISEhAtOU1ByaW50SW5mbwGEhAhOU09iamVjdACFkoSE
	hBNOU011dGFibGVEaWN0aW9uYXJ5AISEDE5TRGljdGlvbmFyeQCUhAFpCJKEhIQITlNT
	dHJpbmcBlIQBKxZOU0hvcml6b250YWxseUNlbnRlcmVkhpKEhIQITlNOdW1iZXIAhIQH
	TlNWYWx1ZQCUhAEqhIQBY50BhpKEmZkNTlNSaWdodE1hcmdpboaShJuchIQBZp5IhpKE
	mZkMTlNMZWZ0TWFyZ2luhpKEm5ygnkiGkoSZmRVOU0hvcml6b25hbFBhZ2luYXRpb26G
	koSbnISXlwKGkoSZmRROU1ZlcnRpY2FsUGFnaW5hdGlvboaShJucpZcAhpKEmZkUTlNW
	ZXJ0aWNhbGx5Q2VudGVyZWSGkpqShJmZC05TVG9wTWFyZ2luhpKEm5ygnlqGkoSZmQ5O
	U0JvdHRvbU1hcmdpboaShJucoJ5ahoaG
	</data>
	<key>title</key>
	<string>“Six Sigma”</string>
	<key>version</key>
	<integer>4</integer>
</dict>
</plist>
